,id,name,name_code,part_body,augmentation,type_augment,lr,conv_layers,conv_dropout,units,callbacks_patience,validation_steps,steps_per_epoch,fit_epochs,ealry_stop_at_epoch,test_accuracy,test_f1score,test_precision,test_recall,test_accuracy_eval,test_loss_eval,train_accuracy_eval,valid_accuracy_eval,nbk_name,comments,model_name,history_name,plt_accuracy,plt_loss
0,1.0,base cnn,base_model_no_augment_20epochs,XR_SHOULDER,NO,,0.001,4.0,0.2,1.0,10.0,14.0,30.0,20.0,20.0,56.66,60.15,54.86,69.06,61.63,65.38,64.37,67.11,notebooks/CNN_all_parts_20epochs_no_aument-fix.ipynb,model_cnn_20epochs_noaugment_,models_logs/model_cnn_20epochs_noaugment_XR_SHOULDER.h5,history/model_cnn_20epochs_noaugment_XR_SHOULDER.json,plots/accuracy_base_model__20epochs_noaugment_XR_SHOULDER.png,plots/lossbase_model__20epochs_noaugment_XR_SHOULDER.png
1,2.0,base cnn,base_model_no_augment_20epochs,XR_FOREARM,NO,,0.001,4.0,0.2,1.0,10.0,3.0,7.0,20.0,20.0,49.83,0.0,0.0,0.0,49.83,69.61,63.61,65.34,notebooks/CNN_all_parts_20epochs_no_aument-fix.ipynb,,models_logs/model_cnn_20epochs_noaugment_XR_FOREARM.h5,history/model_cnn_20epochs_noaugment_XR_FOREARM.json,plots/accuracy_base_model__20epochs_noaugment_XR_FOREARM.png,plots/lossbase_model__20epochs_noaugment_XR_FOREARM.png
2,3.0,base cnn,base_model_no_augment_20epochs,XR_HUMERUS,NO,,0.001,4.0,0.2,1.0,10.0,2.0,5.0,20.0,20.0,53.12,53.61,51.66,55.71,62.15,68.12,60.56,56.35,notebooks/CNN_all_parts_20epochs_no_aument-fix.ipynb,,models_logs/model_cnn_20epochs_noaugment_XR_HUMERUS.h5,history/model_cnn_20epochs_noaugment_XR_HUMERUS.json,plots/accuracy_base_model__20epochs_noaugment_XR_HUMERUS.png,plots/lossbase_model__20epochs_noaugment_XR_HUMERUS.png
3,4.0,base cnn,base_model_no_augment_20epochs,XR_WRIST,NO,,0.001,4.0,0.2,1.0,10.0,15.0,35.0,20.0,20.0,51.9,27.46,42.25,20.34,58.57,65.25,68.7,69.58,notebooks/CNN_all_parts_20epochs_no_aument-fix.ipynb,,models_logs/model_cnn_20epochs_noaugment_XR_WRIST.h5,history/model_cnn_20epochs_noaugment_XR_WRIST.json,plots/accuracy_base_model__20epochs_noaugment_XR_WRIST.png,plots/lossbase_model__20epochs_noaugment_XR_WRIST.png
4,5.0,base cnn,base_model_no_augment_20epochs,XR_HAND,NO,,0.001,4.0,0.2,1.0,10.0,9.0,20.0,20.0,16.0,58.91,0.0,0.0,0.0,58.91,68.79,73.13,74.13,notebooks/CNN_all_parts_20epochs_no_aument-fix.ipynb,,models_logs/model_cnn_20epochs_noaugment_XR_HAND.h5,history/model_cnn_20epochs_noaugment_XR_HAND.json,plots/accuracy_base_model__20epochs_noaugment_XR_HAND.png,plots/lossbase_model__20epochs_noaugment_XR_FOREARM.png
5,6.0,base cnn,base_model_no_augment_20epochs,XR_FINGER,NO,,0.001,4.0,0.2,1.0,10.0,8.0,18.0,20.0,20.0,48.37,34.62,53.85,25.51,61.82,70.48,66.2,71.29,notebooks/CNN_all_parts_20epochs_no_aument-fix.ipynb,,models_logs/model_cnn_20epochs_noaugment_XR_FINGER.h5,history/model_cnn_20epochs_noaugment_XR_FINGER.json,plots/accuracy_base_model__20epochs_noaugment_XR_FINGER.png,plots/lossbase_model__20epochs_noaugment_XR_FINGER.png
6,7.0,base cnn,base_model_no_augment_20epochs,XR_ELBOW,NO,,0.001,4.0,0.2,1.0,10.0,8.0,18.0,20.0,20.0,47.31,10.91,33.33,6.52,51.18,71.72,61.69,60.74,notebooks/CNN_all_parts_20epochs_no_aument-fix.ipynb,,models_logs/densenet_model_top_20epochs_noaugment_XR_ELBOW.h5,history/history_densenet_model_top_model_200epochs_noaugment_XR_ELBOW.json,plots/accuracy_base_model__20epochs_noaugment_XR_ELBOW.png,plots/lossbase_model__20epochs_noaugment_XR_ELBOW.png
7,8.0,DenseNet_plus_1GlobalAveragePooling2D_1Dropout,densenet_no_augment_20epochs,XR_SHOULDER,NO,,0.001,,,,10.0,13.0,30.0,20.0,17.0,53.11,47.83,53.07,43.53,65.54,61.31,67.19,64.83,notebooks/CNN_all_parts_20epochs_no_aument-fix.ipynb,,models_logs/densenet_model_top_20epochs_noaugment_XR_SHOULDER.h5,history/history_densenet_model_top_model_200epochs_noaugment_XR_SHOULDER.json,plots/accuracy_densenet_model_top__20epochs_noaugment_XR_SHOULDER.png,plots/lossdensenet_model_top__20epochs_noaugment_XR_SHOULDER.png
8,9.0,DenseNet_plus_1GlobalAveragePooling2D_1Dropout,densenet_no_augment_20epochs,XR_FOREARM,NO,,0.001,,,,10.0,3.0,7.0,20.0,20.0,52.82,40.83,55.06,32.45,68.77,57.5,77.08,72.73,notebooks/CNN_all_parts_20epochs_no_aument-fix.ipynb,,models_logs/densenet_model_top_20epochs_noaugment_XR_FOREARM.h5,history/history_densenet_model_top_model_200epochs_noaugment_XR_FOREARM.json,plots/accuracy_densenet_model_top__20epochs_noaugment_XR_FOREARM.png,plots/lossdensenet_model_top__20epochs_noaugment_XR_FOREARM.png
9,10.0,DenseNet_plus_1GlobalAveragePooling2D_1Dropout,densenet_no_augment_20epochs,XR_HUMERUS,NO,,0.001,,,,10.0,3.0,5.0,20.0,20.0,53.47,41.23,53.41,33.57,73.61,55.16,71.55,68.25,notebooks/CNN_all_parts_20epochs_no_aument-fix.ipynb,,models_logs/densenet_model_top_20epochs_noaugment_XR_HUMERUS.h5,history/history_densenet_model_top_model_200epochs_noaugment_XR_HUMERUS.json,plots/accuracy_densenet_model_top__20epochs_noaugment_XR_HUMERUS.png,plots/lossdensenet_model_top__20epochs_noaugment_XR_HUMERUS.png
10,11.0,DenseNet_plus_1GlobalAveragePooling2D_1Dropout,densenet_no_augment_20epochs,XR_WRIST,NO,,0.001,,,,10.0,16.0,35.0,20.0,20.0,52.2,32.55,44.19,25.76,74.05,54.61,76.2,77.21,notebooks/CNN_all_parts_20epochs_no_aument-fix.ipynb,,models_logs/densenet_model_top_20epochs_noaugment_XR_WRIST.h5,history/history_densenet_model_top_model_200epochs_noaugment_XR_WRIST.json,plots/accuracy_densenet_model_top__20epochs_noaugment_XR_WRIST.png,plots/lossdensenet_model_top__20epochs_noaugment_XR_WRIST.png
11,12.0,DenseNet_plus_1GlobalAveragePooling2D_1Dropout,densenet_no_augment_20epochs,XR_HAND,NO,,0.001,,,,10.0,9.0,20.0,20.0,16.0,58.91,0.0,0.0,0.0,58.91,73.03,73.13,74.13,notebooks/CNN_all_parts_20epochs_no_aument-fix.ipynb,,models_logs/densenet_model_top_20epochs_noaugment_XR_HAND.h5,history/history_densenet_model_top_model_200epochs_noaugment_XR_HAND.json,plots/accuracy_densenet_model_top__20epochs_noaugment_XR_HAND.png,plots/lossdensenet_model_top__20epochs_noaugment_XR_HAND.png
12,13.0,DenseNet_plus_1GlobalAveragePooling2D_1Dropout,densenet_no_augment_20epochs,XR_FINGER,NO,,0.001,,,,10.0,9.0,18.0,20.0,20.0,49.67,44.23,54.44,37.25,69.63,59.48,68.91,72.81,notebooks/CNN_all_parts_20epochs_no_aument-fix.ipynb,,models_logs/densenet_model_top_20epochs_noaugment_XR_FINGER.h5,history/history_densenet_model_top_model_200epochs_noaugment_XR_FINGER.json,plots/accuracy_densenet_model_top__20epochs_noaugment_XR_FINGER.png,plots/lossdensenet_model_top__20epochs_noaugment_XR_FINGER.png
13,14.0,DenseNet_plus_1GlobalAveragePooling2D_1Dropout,densenet_no_augment_20epochs,XR_ELBOW,NO,,0.001,,,,10.0,8.0,18.0,20.0,20.0,52.47,38.1,53.54,29.57,73.12,53.93,74.42,73.31,notebooks/CNN_all_parts_20epochs_no_aument-fix.ipynb,,models_logs/densenet_model_top_20epochs_noaugment_XR_ELBOW.h5,history/history_densenet_model_top_model_200epochs_noaugment_XR_ELBOW.json,plots/accuracy_densenet_model_top__20epochs_noaugment_XR_ELBOW.png,plots/lossdensenet_model_top__20epochs_noaugment_XR_ELBOW.png
14,15.0,ResNet_plus_1GlobalAveragePooling2D_1Dropout,resnet_no_augment_20epochs,XR_SHOULDER,NO,,0.001,,,,4.0,13.0,30.0,20.0,10.0,49.73,66.11,49.55,99.28,49.02,69.86,50.01,51.74,notebooks/CNN_all_parts_20epochs_no_aument-fix.ipynb,,models_logs/resnet_model_top_20epochs_noaugment_XR_SHOULDER.h5,history/history_resnet_model_top_model_20epochs_noaugment_XR_SHOULDER.json,plots/accuracy_resnet_model_top__20epochs_noaugment_XR_SHOULDER.png,plots/lossresnet_model_top__20epochs_noaugment_XR_SHOULDER.png
15,16.0,ResNet_plus_1GlobalAveragePooling2D_1Dropout,resnet_no_augment_20epochs,XR_FOREARM,NO,,0.001,,,,4.0,3.0,7.0,20.0,8.0,50.83,2022-05-07 00:00:00,66.67,3.97,52.82,69.89,63.49,65.34,notebooks/CNN_all_parts_20epochs_no_aument-fix.ipynb,,models_logs/resnet_model_top_20epochs_noaugment_XR_FOREARM.h5,history/history_resnet_model_top_model_20epochs_noaugment_XR_FOREARM.json,plots/accuracy_resnet_model_top__20epochs_noaugment_XR_FOREARM.png,plots/lossresnet_model_top__20epochs_noaugment_XR_FOREARM.png
16,17.0,ResNet_plus_1GlobalAveragePooling2D_1Dropout,resnet_no_augment_20epochs,XR_HUMERUS,NO,,0.001,,,,4.0,3.0,5.0,20.0,6.0,55.21,18.87,78.95,10.71,48.96,70.24,55.58,38.89,notebooks/CNN_all_parts_20epochs_no_aument-fix.ipynb,,models_logs/resnet_model_top_20epochs_noaugment_XR_HUMERUS.h5,history/history_resnet_model_top_model_20epochs_noaugment_XR_HUMERUS.json,plots/accuracy_resnet_model_top__20epochs_noaugment_XR_HUMERUS.png,plots/lossresnet_model_top__20epochs_noaugment_XR_HUMERUS.png
17,18.0,ResNet_plus_1GlobalAveragePooling2D_1Dropout,resnet_no_augment_20epochs,XR_WRIST,NO,,0.001,,,,4.0,16.0,35.0,20.0,8.0,55.24,0.0,0.0,0.0,55.24,68.87,59.11,59.31,notebooks/CNN_all_parts_20epochs_no_aument-fix.ipynb,,models_logs/resnet_model_top_20epochs_noaugment_XR_WRIST.h5,history/history_resnet_model_top_model_20epochs_noaugment_XR_WRIST.json,plots/accuracy_resnet_model_top__20epochs_noaugment_XR_WRIST.png,plots/lossresnet_model_top__20epochs_noaugment_XR_WRIST.png
18,19.0,ResNet_plus_1GlobalAveragePooling2D_1Dropout,resnet_no_augment_20epochs,XR_HAND,NO,,0.001,,,,4.0,9.0,20.0,20.0,5.0,58.91,0.0,0.0,0.0,58.91,82.83,73.13,74.13,notebooks/CNN_all_parts_20epochs_no_aument-fix.ipynb,,models_logs/resnet_model_top_20epochs_noaugment_XR_HAND.h5,history/history_resnet_model_top_model_20epochs_noaugment_XR_HAND.json,plots/accuracy_resnet_model_top__20epochs_noaugment_XR_HAND.png,plots/lossresnet_model_top__20epochs_noaugment_XR_HAND.png
19,20.0,ResNet_plus_1GlobalAveragePooling2D_1Dropout,resnet_no_augment_20epochs,XR_FINGER,NO,,0.001,,,,4.0,9.0,18.0,20.0,6.0,46.42,,,,46.42,78.08,60.85,66.92,notebooks/CNN_all_parts_20epochs_no_aument-fix.ipynb,,models_logs/resnet_model_top_20epochs_noaugment_XR_FINGER.h5,history/history_resnet_model_top_model_20epochs_noaugment_XR_FINGER.json,"plots/accuracy_resnet_model_top__20epochs_noaugment_XR_FINGER.png
",plots/lossresnet_model_top__20epochs_noaugment_XR_FINGER.png
20,21.0,ResNet_plus_1GlobalAveragePooling2D_1Dropout,resnet_no_augment_20epochs,XR_ELBOW,NO,,0.001,,,,4.0,8.0,18.0,20.0,6.0,50.75,1.72,66.67,0.87,51.18,75.11,60.08,56.29,notebooks/CNN_all_parts_20epochs_no_aument-fix.ipynb,,models_logs/resnet_model_top_20epochs_noaugment_XR_ELBOW.h5,history/history_resnet_model_top_model_20epochs_noaugment_XR_ELBOW.json,plots/accuracy_resnet_model_top__20epochs_noaugment_XR_ELBOW.png,plots/lossresnet_model_top__20epochs_noaugment_XR_ELBOW.png
21,22.0,base cnn,base_model_light_augment_20epochs,XR_SHOULDER,YES,light_augment,0.001,4.0,0.2,1.0,4.0,27.0,30.0,20.0,9.0,49.2,46.44,48.44,44.6,51.33,69.54,51.32,45.98,notebooks/CNN_all_parts_20epochs_with_aument/CNN_all_parts_20epochs_with_aument-Save_results.ipynb,"Fixed_running_3.Didn't save model, history 1. Run evaluate to train and not test, 2. Didn't delete model after fit, fit afresh new dataset, ",models_logs/model_cnn_20epochs_light_augment_XR_SHOULDER.h5,history/model_cnn_20epochs_light_augment_XR_SHOULDER.json,plots/accuracy_base_model_20__epochs_light_augment_XR_SHOULDER.png,plots/lossbase_model__20epochs_light_augment_XR_SHOULDER.png
22,23.0,base cnn,base_model_light_augment_20epochs,XR_FOREARM,YES,light_augment,0.001,4.0,0.2,1.0,4.0,6.0,7.0,20.0,9.0,49.83,0.0,0.0,0.0,49.83,70.42,63.45,66.67,notebooks/CNN_all_parts_20epochs_with_aument/CNN_all_parts_20epochs_with_aument-Save_results.ipynb,"Fixed_running_3.Didn't save model, history 1. Run evaluate to train and not test, 2. Didn't delete model after fit, fit afresh new dataset, ",models_logs/model_cnn_20epochs_light_augment_XR_FOREARM.h5,"history/model_cnn_20epochs_light_augment_XR_FOREARM.json
",plots/accuracy_base_model_20__epochs_light_augment_XR_FOREARM.png,plots/lossbase_model__20epochs_light_augment_XR_FOREARM.png
23,24.0,base cnn,base_model_light_augment_20epochs,XR_HUMERUS,YES,light_augment,0.001,4.0,0.2,1.0,4.0,5.0,5.0,20.0,19.0,50.69,2.74,33.33,1.43,51.39,69.46,53.07,57.58,notebooks/CNN_all_parts_20epochs_with_aument/CNN_all_parts_20epochs_with_aument-Save_results.ipynb,"Fixed_running_3.Didn't save model, history 1. Run evaluate to train and not test, 2. Didn't delete model after fit, fit afresh new dataset, ",models_logs/model_cnn_20epochs_light_augment_XR_HUMERUS.h5,history/model_cnn_20epochs_light_augment_XR_HUMERUS.json,plots/accuracy_base_model_20__epochs_light_augment_XR_HUMERUS.png,plots/lossbase_model__20epochs_light_augment_XR_HUMERUS.png
24,25.0,base cnn,base_model_light_augment_20epochs,XR_WRIST,YES,light_augment,0.001,4.0,0.2,1.0,4.0,32.0,35.0,20.0,8.0,54.93,1.33,33.33,0.68,55.84,70.10,59.62,61.35,notebooks/CNN_all_parts_20epochs_with_aument/CNN_all_parts_20epochs_with_aument-Save_results.ipynb,"Fixed_running_3.Didn't save model, history 1. Run evaluate to train and not test, 2. Didn't delete model after fit, fit afresh new dataset, ",models_logs/model_cnn_20epochs_light_augment_XR_WRIST.h5,history/model_cnn_20epochs_light_augment_XR_WRIST.json,plots/accuracy_base_model_20__epochs_light_augment_XR_WRIST.png,plots/lossbase_model__20epochs_light_augment_XR_WRIST.png
25,26.0,base cnn,base_model_light_augment_20epochs,XR_HAND,YES,light_augment,0.001,4.0,0.2,1.0,4.0,18.0,20.0,20.0,13.0,58.91,0.0,0.0,0.0,58.91,67.43,73.05,74.82,notebooks/CNN_all_parts_20epochs_with_aument/CNN_all_parts_20epochs_with_aument-Save_results.ipynb,"Fixed_running_3.Didn't save model, history 1. Run evaluate to train and not test, 2. Didn't delete model after fit, fit afresh new dataset, ",models_logs/model_cnn_20epochs_light_augment_XR_HAND.h5,history/model_cnn_20epochs_light_augment_XR_HAND.json,plots/accuracy_base_model_20__epochs_light_augment_XR_HAND.png,plots/lossbase_model__20epochs_light_augment_XR_HAND.png
26,27.0,base cnn,base_model_light_augment_20epochs,XR_FINGER,YES,light_augment,0.001,4.0,0.2,1.0,4.0,16.0,18.0,20.0,13.0,49.67,41.12,55.1,32.79,63.56,69.13,65.7,63.98,notebooks/CNN_all_parts_20epochs_with_aument/CNN_all_parts_20epochs_with_aument-Save_results.ipynb,"Fixed_running_3.Didn't save model, history 1. Run evaluate to train and not test, 2. Didn't delete model after fit, fit afresh new dataset, ",models_logs/model_cnn_20epochs_light_augment_XR_FINGER.h5,"history/model_cnn_20epochs_light_augment_XR_FINGER.json
",plots/accuracy_base_model_20__epochs_light_augment_XR_FINGER.png,plots/lossbase_model__20epochs_light_augment_XR_FINGER.png
27,28.0,base cnn,base_model_light_augment_20epochs,XR_ELBOW,YES,light_augment,0.001,4.0,0.2,1.0,4.0,16.0,18.0,20.0,5.0,50.54,0.0,0.0,0.0,50.54,79.99,60.18,51.62,notebooks/CNN_all_parts_20epochs_with_aument/CNN_all_parts_20epochs_with_aument-Save_results.ipynb,"Fixed_running_3.Didn't save model, history 1. Run evaluate to train and not test, 2. Didn't delete model after fit, fit afresh new dataset, ",models_logs/model_cnn_20epochs_light_augment_XR_ELBOW.h5,history/model_cnn_20epochs_light_augment_XR_ELBOW.json,plots/accuracy_base_model_20__epochs_light_augment_XR_ELBOW.png,plots/lossbase_model__20epochs_light_augment_XR_ELBOW.png
28,29.0,DenseNet_plus_1GlobalAveragePooling2D_1Dropout,densenet_light_augment_25epochs,XR_SHOULDER,YES,light_augment,,,,,4.0,27.0,30.0,25.0,5.0,50.62,0.0,0.0,0.0,50.62,69.31,50.51,47.99,notebooks/CNN_all_parts_20epochs_with_aument/CNN_all_parts_20epochs_with_aument-Save_results.ipynb,"Fixed_running_3.Didn't save model, history 1. Run evaluate to train and not test, 2. Didn't delete model after fit, fit afresh new dataset, ",models_logs/densenet_25epochs_light_augment_XR_SHOULDER.h5,history/densenet_25epochs_light_augment_XR_SHOULDER.json,plots/accuracy_densenet_25_epochs_light_augment_XR_SHOULDER.png,plots/loss_densenet_25_epochs_light_augment_XR_SHOULDER.png
29,30.0,DenseNet_plus_1GlobalAveragePooling2D_1Dropout,densenet_light_augment_25epochs,XR_FOREARM,YES,light_augment,,,,,4.0,6.0,7.0,25.0,6.0,49.83,0.0,0.0,0.0,49.83,70.72,63.45,66.67,notebooks/CNN_all_parts_20epochs_with_aument/CNN_all_parts_20epochs_with_aument-Save_results.ipynb,"Fixed_running_3.Didn't save model, history 1. Run evaluate to train and not test, 2. Didn't delete model after fit, fit afresh new dataset, ",models_logs/densenet_25epochs_light_augment_XR_FOREARM.h5,history/densenet_25epochs_light_augment_XR_FOREARM.json,plots/accuracy_densenet_25_epochs_light_augment_XR_FOREARM.png,plots/loss_densenet_25_epochs_light_augment_XR_FOREARM.png
30,31.0,DenseNet_plus_1GlobalAveragePooling2D_1Dropout,densenet_light_augment_25epochs,XR_HUMERUS,YES,light_augment,,,,,4.0,5.0,5.0,25.0,5.0,52.08,5.48,66.67,2.86,52.08,69.05,53.33,51.52,notebooks/CNN_all_parts_20epochs_with_aument/CNN_all_parts_20epochs_with_aument-Save_results.ipynb,"Fixed_running_3.Didn't save model, history 1. Run evaluate to train and not test, 2. Didn't delete model after fit, fit afresh new dataset, ",models_logs/densenet_25epochs_light_augment_XR_HUMERUS.h5,history/densenet_25epochs_light_augment_XR_HUMERUS.json,plots/accuracy_densenet_25_epochs_light_augment_XR_HUMERUS.png,plots/loss_densenet_25_epochs_light_augment_XR_HUMERUS.png
31,32.0,DenseNet_plus_1GlobalAveragePooling2D_1Dropout,densenet_light_augment_25epochs,XR_WRIST,YES,light_augment,,,,,4.0,32.0,35.0,25.0,9.0,54.78,6.29,43.48,3.39,56.3,67.86,61.1,61.35,notebooks/CNN_all_parts_20epochs_with_aument/CNN_all_parts_20epochs_with_aument-Save_results.ipynb,"Fixed_running_3.Didn't save model, history 1. Run evaluate to train and not test, 2. Didn't delete model after fit, fit afresh new dataset, ",models_logs/densenet_25epochs_light_augment_XR_WRIST.h5,history/densenet_25epochs_light_augment_XR_WRIST.json,plots/accuracy_densenet_25_epochs_light_augment_XR_WRIST.png,plots/loss_densenet_25_epochs_light_augment_XR_WRIST.png
32,33.0,DenseNet_plus_1GlobalAveragePooling2D_1Dropout,densenet_light_augment_25epochs,XR_HAND,YES,light_augment,,,,,4.0,18.0,20.0,25.0,5.0,58.91,0.0,0.0,0.0,58.91,67.70,73.05,74.82,notebooks/CNN_all_parts_20epochs_with_aument/CNN_all_parts_20epochs_with_aument-Save_results.ipynb,"Fixed_running_3.Didn't save model, history 1. Run evaluate to train and not test, 2. Didn't delete model after fit, fit afresh new dataset, ",models_logs/densenet_25epochs_light_augment_XR_HAND.h5,history/densenet_25epochs_light_augment_XR_HAND.json,plots/accuracy_densenet_25_epochs_light_augment_XR_HAND.png,plots/loss_densenet_25_epochs_light_augment_XR_HAND.png
33,34.0,DenseNet_plus_1GlobalAveragePooling2D_1Dropout,densenet_light_augment_25epochs,XR_FINGER,YES,light_augment,,,,,4.0,16.0,18.0,25.0,5.0,46.42,0.0,0.0,0.0,46.42,70.57,60.94,66.14,notebooks/CNN_all_parts_20epochs_with_aument/CNN_all_parts_20epochs_with_aument-Save_results.ipynb,"Fixed_running_3.Didn't save model, history 1. Run evaluate to train and not test, 2. Didn't delete model after fit, fit afresh new dataset, ",models_logs/densenet_25epochs_light_augment_XR_FINGER.h5,history/densenet_25epochs_light_augment_XR_FINGER.json,plots/accuracy_densenet_25_epochs_light_augment_XR_FINGER.png,plots/loss_densenet_25_epochs_light_augment_XR_FINGER.png
34,35.0,DenseNet_plus_1GlobalAveragePooling2D_1Dropout,densenet_light_augment_25epochs,XR_ELBOW,YES,light_augment,,,,,4.0,6.0,18.0,25.0,5.0,50.54,0.0,0.0,0.0,50.54,69.9,60.18,51.62,notebooks/CNN_all_parts_20epochs_with_aument/CNN_all_parts_20epochs_with_aument-Save_results.ipynb,"Fixed_running_3.Didn't save model, history 1. Run evaluate to train and not test, 2. Didn't delete model after fit, fit afresh new dataset, ",models_logs/densenet_25epochs_light_augment_XR_ELBOW.h5,history/densenet_25epochs_light_augment_XR_ELBOW.json,plots/accuracy_densenet_25_epochs_light_augment_XR_ELBOW.png,plots/loss_densenet_25_epochs_light_augment_XR_ELBOW.png
35,36.0,ResNet_plus_1GlobalAveragePooling2D_1Dropout,resnet_light_augment_20epochs,XR_SHOULDER,YES,light_augment,,,,,4.0,27.0,30.0,20.0,5.0,50.62,0.0,0.0,0.0,50.62,69.31,50.51,47.99,notebooks/CNN_all_parts_20epochs_with_aument/CNN_all_parts_20epochs_with_aument-Save_results.ipynb,,models_logs/resnet_20epochs_light_augment_XR_SHOULDER.h5,history/resnet_20epochs_light_augment_XR_SHOULDER.json,plots/accuracy_resnet__20epochs_light_augment_XR_SHOULDER,"plots/lossresnet__20epochs_light_augment_XR_SHOULDER.png
"
36,37.0,ResNet_plus_1GlobalAveragePooling2D_1Dropout,resnet_light_augment_20epochs,XR_FOREARM,YES,light_augment,,,,,4.0,6.0,52.0,20.0,10.0,49.17,6.13,41.67,3.31,53.82,69.31,64.22,62.5,notebooks/CNN_all_parts_20epochs_with_aument/CNN_all_parts_20epochs_with_aument-Save_results.ipynb,,models_logs/resnet_20epochs_light_augment_XR_FOREARM.h5,history/resnet_20epochs_light_augment_XR_FOREARM.json,plots/accuracy_resnet__20epochs_light_augment_XR_FOREARM,"plots/lossresnet__20epochs_light_augment_XR_FOREARM.png
"
37,38.0,ResNet_plus_1GlobalAveragePooling2D_1Dropout,resnet_light_augment_20epochs,XR_HUMERUS,YES,light_augment,,,,,4.0,5.0,5.0,20.0,20.0,52.08,36.7,51.28,28.57,59.72,62.77,62.02,61.36,notebooks/CNN_all_parts_20epochs_with_aument/CNN_all_parts_20epochs_with_aument-Save_results.ipynb,,models_logs/resnet_20epochs_light_augment_XR_HUMERUS.h5,history/resnet_20epochs_light_augment_XR_HUMERUS.json,plots/accuracy_resnet__20epochs_light_augment_XR_HUMERUS,"plots/lossresnet__20epochs_light_augment_XR_HUMERUS.png
"
38,39.0,ResNet_plus_1GlobalAveragePooling2D_1Dropout,resnet_light_augment_20epochs,XR_WRIST,YES,light_augment,,,,,4.0,32.0,35.0,20.0,7.0,55.24,14.99,50.0,8.81,59.18,68.00,62.28,62.55,notebooks/CNN_all_parts_20epochs_with_aument/CNN_all_parts_20epochs_with_aument-Save_results.ipynb,,models_logs/resnet_20epochs_light_augment_XR_WRIST.h5,history/resnet_20epochs_light_augment_XR_WRIST.json,plots/accuracy_resnet__20epochs_light_augment_XR_WRIST,"plots/lossresnet__20epochs_light_augment_XR_WRIST.png
"
39,40.0,ResNet_plus_1GlobalAveragePooling2D_1Dropout,resnet_light_augment_20epochs,XR_HAND,YES,light_augment,,,,,4.0,18.0,156.0,20.0,9.0,58.91,0.0,0.0,0.0,58.91,67.86,73.48,70.96,notebooks/CNN_all_parts_20epochs_with_aument/CNN_all_parts_20epochs_with_aument-Save_results.ipynb,,models_logs/resnet_20epochs_light_augment_XR_HAND.h5,history/resnet_20epochs_light_augment_XR_HAND.json,plots/accuracy_resnet__20epochs_light_augment_XR_HAND,"plots/lossresnet__20epochs_light_augment_XR_HAND.png
"
40,41.0,ResNet_plus_1GlobalAveragePooling2D_1Dropout,resnet_light_augment_20epochs,XR_FINGER,YES,light_augment,,,,,4.0,16.0,18.0,20.0,30.0,49.67,35.56,56.64,25.91,60.52,80.23,66.31,62.2,notebooks/CNN_all_parts_20epochs_with_aument/CNN_all_parts_20epochs_with_aument-Save_results.ipynb,,models_logs/resnet_20epochs_light_augment_XR_FINGER.h5,history/resnet_20epochs_light_augment_XR_FINGER.json,plots/accuracy_resnet__20epochs_light_augment_XR_FINGER,"plots/lossresnet__20epochs_light_augment_XR_FINGER.png
"
41,42.0,ResNet_plus_1GlobalAveragePooling2D_1Dropout,resnet_light_augment_20epochs,XR_ELBOW,YES,light_augment,,,,,4.0,6.0,18.0,20.0,20.0,50.54,0.0,0.0,0.0,50.54,68.35,60.18,51.62,notebooks/CNN_all_parts_20epochs_with_aument/CNN_all_parts_20epochs_with_aument-Save_results.ipynb,,models_logs/resnet_20epochs_light_augment_XR_ELBOW.h5,history/resnet_20epochs_light_augment_XR_ELBOW.json,plots/accuracy_resnet__20epochs_light_augment_XR_ELBOW,"plots/lossresnet__20epochs_light_augment_XR_ELBOW.png
"
42,43.0,base cnn,base_model_deep_augment_20epochs,XR_SHOULDER,YES,deep_augment,0.001,4.0,0.2,1.0,4.0,27.0,30.0,20.0,15.0,48.85,55.42,48.64,64.39,54.17,68.30,55.82,52.61,notebooks/CNN_all_parts_20epochs_deep_augment.ipynb,,models_logs/model_cnn_20epochs_deep_augment_XR_SHOULDER.h5,history/model_cnn_20epochs_deep_augment_XR_SHOULDER.json,plots/accuracy_base_model__20epochs_deep_augment_XR_SHOULDER.png,plots/lossbase_model__20epochs_deep_augment_XR_SHOULDER.png
43,44.0,base cnn,base_model_deep_augment_20epochs,XR_FOREARM,YES,deep_augment,0.001,4.0,0.2,1.0,4.0,6.0,7.0,20.0,16.0,49.83,0.0,0.0,0.0,49.83,82.67,63.72,64.32,notebooks/CNN_all_parts_20epochs_deep_augment.ipynb,,models_logs/model_cnn_20epochs_deep_augment_XR_FOREARM.h5,history/model_cnn_20epochs_deep_augment_XR_FOREARM.json,plots/accuracy_base_model__20epochs_deep_augment_XR_FOREARM.png,plots/lossbase_model__20epochs_deep_augment_XR_FOREARM.png
44,45.0,base cnn,base_model_deep_augment_20epochs,XR_HUMERUS,YES,deep_augment,0.001,4.0,0.2,1.0,4.0,5.0,5.0,20.0,10.0,52.43,11.61,60.0,6.43,69.29,49.65,53.42,56.15,notebooks/CNN_all_parts_20epochs_deep_augment.ipynb,,models_logs/model_cnn_20epochs_deep_augment_XR_HUMERUS.h5,history/model_cnn_20epochs_deep_augment_XR_HUMERUS.json,plots/accuracy_base_model__20epochs_deep_augment_XR_HUMERUS.png,plots/lossbase_model__20epochs_deep_augment_XR_HUMERUS.png
45,46.0,base cnn,base_model_deep_augment_20epochs,XR_WRIST,YES,deep_augment,0.001,4.0,0.2,1.0,4.0,31.0,35.0,20.0,20.0,53.72,2022-01-19 00:00:00,43.9,2022-02-12 00:00:00,59.18,65.46,63.66,62.08,notebooks/CNN_all_parts_20epochs_deep_augment.ipynb,,models_logs/model_cnn_20epochs_deep_augment_XR_WRIST.h5,history/model_cnn_20epochs_deep_augment_XR_WRIST.json,plots/accuracy_base_model__20epochs_deep_augment_XR_WRIST.png,plots/lossbase_model__20epochs_deep_augment_XR_WRIST.png
46,47.0,base cnn,base_model_deep_augment_20epochs,XR_HAND,YES,deep_augment,0.001,4.0,0.2,1.0,4.0,17.0,20.0,20.0,10.0,58.91,0.0,0.0,0.0,65.95,58.91,73.69,68.95,notebooks/CNN_all_parts_20epochs_deep_augment.ipynb,,models_logs/model_cnn_20epochs_deep_augment_XR_HAND.h5,history/model_cnn_20epochs_deep_augment_XR_HAND.json,plots/accuracy_base_model__20epochs_deep_augment_XR_HAND.png,plots/lossbase_model__20epochs_deep_augment_XR_HAND.png
47,48.0,base cnn,base_model_deep_augment_20epochs,XR_FINGER,YES,deep_augment,0.001,4.0,0.2,1.0,4.0,16.0,18.0,20.0,10.0,54.23,52.8,59.0,47.77,65.94,67.49,63.27,67.46,notebooks/CNN_all_parts_20epochs_deep_augment.ipynb,,models_logs/model_cnn_20epochs_deep_augment_XR_FINGER.h5,history/model_cnn_20epochs_deep_augment_XR_FINGER.json,plots/accuracy_base_model__20epochs_deep_augment_XR_FINGER.png,plots/lossbase_model__20epochs_deep_augment_XR_FINGER.png
48,49.0,base cnn,base_model_deep_augment_20epochs,XR_ELBOW,YES,deep_augment,0.001,4.0,0.2,1.0,4.0,15.0,18.0,20.0,10.0,50.54,0.0,0.0,0.0,50.54,72.09,59.74,55.3,notebooks/CNN_all_parts_20epochs_deep_augment.ipynb,,models_logs/model_cnn_20epochs_deep_augment_XR_ELBOW.h5,history/model_cnn_20epochs_deep_augment_XR_ELBOW.json,plots/accuracy_base_model__20epochs_deep_augment_XR_ELBOW.png,plots/lossbase_model__20epochs_deep_augment_XR_ELBOW.png
49,50.0,DenseNet_plus_1GlobalAveragePooling2D_1Dropout,densenet_deep_augment_25epochs,XR_SHOULDER,YES,deep_augment,,,,,4.0,27.0,30.0,25.0,,49.38,66.11,49.38,100.0,49.38,69.32,49.3,53.56,notebooks/CNN_all_parts_20epochs_deep_augment.ipynb,,models_logs/densenet_20epochs_deep_augment_XR_SHOULDER.h5,history/densenet_20epochs_deep_augment_XR_SHOULDER.json,plots/accuracy_densenet_20epochs_deep_augment_XR_SHOULDER.png,plots/lossdensenet_20epochs_deep_augment_XR_SHOULDER.png
50,51.0,DenseNet_plus_1GlobalAveragePooling2D_1Dropout,densenet_deep_augment_25epochs,XR_FOREARM,YES,deep_augment,,,,,4.0,6.0,7.0,25.0,,49.83,0.0,0.0,0.0,49.83,69.59,63.91,62.57,notebooks/CNN_all_parts_20epochs_deep_augment.ipynb,,models_logs/densenet_20epochs_deep_augment_XR_FOREARM.h5,history/densenet_20epochs_deep_augment_XR_FOREARM.json,plots/accuracy_densenet_20epochs_deep_augment_XR_FOREARM.png,plots/lossdensenet_20epochs_deep_augment_XR_FOREARM.png
51,52.0,DenseNet_plus_1GlobalAveragePooling2D_1Dropout,densenet_deep_augment_25epochs,XR_HUMERUS,YES,deep_augment,,,,,4.0,5.0,5.0,25.0,,51.39,0.0,0.0,0.0,51.39,69.11,51.88,62.02,notebooks/CNN_all_parts_20epochs_deep_augment.ipynb,,models_logs/densenet_20epochs_deep_augment_XR_HUMERUS.h5,history/densenet_20epochs_deep_augment_XR_HUMERUS.json,plots/accuracy_densenet_20epochs_deep_augment_XR_HUMERUS.png,plots/lossdensenet_20epochs_deep_augment_XR_HUMERUS.png
52,53.0,DenseNet_plus_1GlobalAveragePooling2D_1Dropout,densenet_deep_augment_25epochs,XR_WRIST,YES,deep_augment,,,,,4.0,32.0,35.0,25.0,,55.24,0.0,0.0,0.0,55.24,68.67,59.12,59.09,notebooks/CNN_all_parts_20epochs_deep_augment.ipynb,,models_logs/densenet_20epochs_deep_augment_XR_WRIST.h5,history/densenet_20epochs_deep_augment_XR_WRIST.json,plots/accuracy_densenet_20epochs_deep_augment_XR_WRIST.png,plots/lossdensenet_20epochs_deep_augment_XR_WRIST.png
53,54.0,DenseNet_plus_1GlobalAveragePooling2D_1Dropout,densenet_deep_augment_25epochs,XR_HAND,YES,deep_augment,,,,,4.0,18.0,20.0,25.0,,58.91,0.0,0.0,0.0,58.91,67.78,73.04,74.95,notebooks/CNN_all_parts_20epochs_deep_augment.ipynb,,models_logs/densenet_20epochs_deep_augment_XR_HAND.h5,history/densenet_20epochs_deep_augment_XR_HAND.json,plots/accuracy_densenet_20epochs_deep_augment_XR_HAND.png,plots/lossdensenet_20epochs_deep_augment_XR_HAND.png
54,55.0,DenseNet_plus_1GlobalAveragePooling2D_1Dropout,densenet_deep_augment_25epochs,XR_FINGER,YES,deep_augment,,,,,4.0,16.0,18.0,25.0,,49.24,37.77,55.04,28.74,62.26,66.86,65.25,71.65,notebooks/CNN_all_parts_20epochs_deep_augment.ipynb,,models_logs/densenet_20epochs_deep_augment_XR_FINGER.h5,history/densenet_20epochs_deep_augment_XR_FINGER.json,plots/accuracy_densenet_20epochs_deep_augment_XR_FINGER.png,plots/lossdensenet_20epochs_deep_augment_R_FINGER.png
55,56.0,DenseNet_plus_1GlobalAveragePooling2D_1Dropout,densenet_deep_augment_25epochs,XR_ELBOW,YES,deep_augment,,,,,4.0,6.0,18.0,25.0,,50.54,0.0,0.0,0.0,50.54,69.26,59.09,61.32,notebooks/CNN_all_parts_20epochs_deep_augment.ipynb,,models_logs/densenet_20epochs_deep_augment_XR_ELBOW.h5,history/densenet_20epochs_deep_augment_XR_ELBOW.json,plots/accuracy_densenet_20epochs_deep_augment_XR_ELBOW.png,plots/lossdensenet_20epochs_deep_augment_XR_ELBOW.png
56,57.0,ResNet_plus_1GlobalAveragePooling2D_1Dropout,resnet_deep_augment_20epochs,XR_SHOULDER,YES,deep_augment,,,,,4.0,27.0,30.0,20.0,,52.04,60.18,51.0,73.38,51.33,69.35,51.88,54.82,notebooks/CNN_all_parts_20epochs_deep_augment.ipynb,,models_logs/resnet_20epochs_deep_augment_XR_SHOULDER.h5,history/resnet_20epochs_deep_augment_XR_SHOULDER.json,plots/accuracy_resnet__20epochs_deep_augment_XR_SHOULDER.png,plots/lossresnet__20epochs_deep_augment_XR_SHOULDER.png
57,58.0,ResNet_plus_1GlobalAveragePooling2D_1Dropout,resnet_deep_augment_20epochs,XR_FOREARM,YES,deep_augment,,,,,4.0,6.0,7.0,20.0,,48.5,2022-11-17 00:00:00,44.44,2022-06-10 00:00:00,59.14,68.65,67.44,64.25,notebooks/CNN_all_parts_20epochs_deep_augment.ipynb,,models_logs/resnet_20epochs_deep_augment_XR_FOREARM.h5,history/resnet_20epochs_deep_augment_XR_FOREARM.json,plots/accuracy_resnet__20epochs_deep_augment_XR_FOREARM.png,plots/lossresnet__20epochs_deep_augment_XR_FOREARM.png
58,59.0,ResNet_plus_1GlobalAveragePooling2D_1Dropout,resnet_deep_augment_20epochs,XR_HUMERUS,YES,deep_augment,,,,,4.0,5.0,5.0,20.0,,50.35,44.79,48.74,41.43,66.32,63.85,68.07,62.79,notebooks/CNN_all_parts_20epochs_deep_augment.ipynb,,models_logs/resnet_20epochs_deep_augment_XR_HUMERUS.h5,history/resnet_20epochs_deep_augment_XR_HUMERUS.json,plots/accuracy_resnet__20epochs_deep_augment_XR_HUMERUS.png,plots/lossresnet__20epochs_deep_augment_XR_HUMERUS.png
59,60.0,ResNet_plus_1GlobalAveragePooling2D_1Dropout,resnet_deep_augment_20epochs,XR_WRIST,YES,deep_augment,,,,,4.0,32.0,35.0,20.0,,53.41,20.67,43.48,13.56,59.48,66.07,63.82,63.56,notebooks/CNN_all_parts_20epochs_deep_augment.ipynb,,models_logs/resnet_20epochs_deep_augment_XR_WRIST.h5,history/resnet_20epochs_deep_augment_XR_WRIST.json,plots/accuracy_resnet__20epochs_deep_augment_XR_WRIST.png,plots/lossresnet__20epochs_deep_augment_XR_WRIST.png
60,61.0,ResNet_plus_1GlobalAveragePooling2D_1Dropout,resnet_deep_augment_20epochs,XR_HAND,YES,deep_augment,,,,,4.0,18.0,20.0,20.0,,58.91,0.0,0.0,0.0,58.91,67.13,73.04,74.95,notebooks/CNN_all_parts_20epochs_deep_augment.ipynb,,models_logs/resnet_20epochs_deep_augment_XR_HAND.h5,history/resnet_20epochs_deep_augment_XR_HAND.json,plots/accuracy_resnet__20epochs_deep_augment_XR_HAND.png,plots/lossresnet__20epochs_deep_augment_XR_HAND.png
61,62.0,ResNet_plus_1GlobalAveragePooling2D_1Dropout,resnet_deep_augment_20epochs,XR_FINGER,YES,deep_augment,,,,,4.0,16.0,18.0,20.0,,49.67,37.97,55.91,28.74,62.26,73.93,65.51,68.5,notebooks/CNN_all_parts_20epochs_deep_augment.ipynb,,models_logs/resnet_20epochs_deep_augment_XR_FINGER.h5,history/resnet_20epochs_deep_augment_XR_FINGER.json,plots/accuracy_resnet__20epochs_deep_augment_XR_FINGER.png,plots/lossresnet__20epochs_deep_augment_XR_FINGER.png
62,63.0,ResNet_plus_1GlobalAveragePooling2D_1Dropout,resnet_deep_augment_20epochs,XR_ELBOW,YES,deep_augment,,,,,4.0,6.0,18.0,20.0,,50.11,2022-12-12 00:00:00,47.06,6.96,54.41,69.01,60.42,60.12,notebooks/CNN_all_parts_20epochs_deep_augment.ipynb,,models_logs/resnet_20epochs_deep_augment_XR_ELBOW.h5,history/resnet_20epochs_deep_augment_XR_ELBOW.json,plots/accuracy_resnet__20epochs_deep_augment_XR_ELBOW.png,plots/lossresnet__20epochs_deep_augment_XR_ELBOW.png
63,64.0,base cnn,base_model_no_augment_100epochs,XR_SHOULDER,NO,,0.001,4.0,0.2,1.0,20.0,27.0,236.0,100.0,14.0,52.75,53.66,52.03,55.4,66.61,1.0890,96.23,63.64,notebooks/CNN_densenet_all_parts_100epochs_no_augment_RUN.ipynb,,models_logs/model_cnn_100epochs_noaugment_XR_SHOULDER.h5,history/history_model_cnn_100epochs_noaugment_XR_SHOULDER.json,plots/accuracy_model_cnn_100epochs_noaugment_XR_SHOULDER.png,plots/loss_model_cnn_100epochs_noaugmentXR_SHOULDER.png
64,65.0,base cnn,base_model_no_augment_100epochs,XR_FOREARM,NO,,0.001,4.0,0.2,1.0,20.0,6.0,52.0,100.0,13.0,47.51,40.15,46.9,35.1,56.15,5668-02-01 00:00:00,98.49,64.16,notebooks/CNN_densenet_all_parts_100epochs_no_augment_RUN.ipynb,,models_logs/model_cnn_100epochs_noaugment_XR_FOREARM.h5,history/history_model_cnn_100epochs_noaugment_XR_FOREARM.json,plots/accuracy_model_cnn_100epochs_noaugment_XR_FOREARM.png,plots/loss_model_cnn_100epochs_noaugmentXR_FOREARM.png
65,66.0,base cnn,base_model_no_augment_100epochs,XR_HUMERUS,NO,,0.001,4.0,0.2,1.0,20.0,4.0,36.0,100.0,12.0,53.82,51.28,52.63,50.00,55.21,7213-01-01 00:00:00,97.48,62.6,notebooks/CNN_densenet_all_parts_100epochs_no_augment_RUN.ipynb,,models_logs/model_cnn_100epochs_noaugment_XR_HUMERUS.h5,history/history_model_cnn_100epochs_noaugment_XR_HUMERUS.json,plots/accuracy_model_cnn_100epochs_noaugment_XR_HUMERUS.png,plots/loss_model_cnn_100epochs_noaugmentXR_HUMERUS.png
66,67.0,base cnn,base_model_no_augment_100epochs,XR_WRIST,NO,,0.001,4.0,0.2,1.0,20.0,31.0,275.0,100.0,12.0,49.92,39.78,43.08,36.95,66.92,3456-01-01 00:00:00,97.77,65.92,notebooks/CNN_densenet_all_parts_100epochs_no_augment_RUN.ipynb,,models_logs/model_cnn_100epochs_noaugment_XR_WRIST.h5,history/history_model_cnn_100epochs_noaugment_XR_WRIST.json,plots/accuracy_model_cnn_100epochs_noaugment_XR_WRIST.png,plots/loss_model_cnn_100epochs_noaugmentXR_WRIST.png
67,68.0,base cnn,base_model_no_augment_100epochs,XR_HAND,NO,,0.001,4.0,0.2,1.0,20.0,18.0,157.0,100.0,12.0,51.74,2022-05-25 00:00:00,34.86,2022-11-20 00:00:00,60.43,4626-01-01 00:00:00,95.28,67.77,notebooks/CNN_densenet_all_parts_100epochs_no_augment_RUN.ipynb,,models_logs/model_cnn_100epochs_noaugment_XR_HAND.h5,history/history_model_cnn_100epochs_noaugment_XR_HAND.json,plots/accuracy_model_cnn_100epochs_noaugment_XR_HAND.png,plots/loss_model_cnn_100epochs_noaugmentXR_HAND.png
68,69.0,base cnn,base_model_no_augment_100epochs,XR_FINGER,NO,,0.001,4.0,0.2,1.0,20.0,16.0,144.0,100.0,10.0,46.42,43.22,50.0,38.06,64.21,3751-01-01 00:00:00,95.24,62.67,notebooks/CNN_densenet_all_parts_100epochs_no_augment_RUN.ipynb,,models_logs/model_cnn_100epochs_noaugment_XR_FINGER.h5,history/history_model_cnn_100epochs_noaugment_XR_FINGER.json,plots/accuracy_model_cnn_100epochs_noaugment_XR_FINGER.png,plots/loss_model_cnn_100epochs_noaugmentXR_FINGER.png
69,70.0,base cnn,base_model_no_augment_100epochs,XR_ELBOW,NO,,0.001,4.0,0.2,1.0,20.0,16.0,139.0,100.0,11.0,49.25,36.9,47.92,30.00,54.84,3163-01-01 00:00:00,92.26,62.91,notebooks/CNN_densenet_all_parts_100epochs_no_augment_RUN.ipynb,,models_logs/model_cnn_100epochs_noaugment_XR_ELBOW.h5,history/history_model_cnn_100epochs_noaugment_XR_ELBOW.json,plots/accuracy_model_cnn_100epochs_noaugment_XR_ELBOW.png,plots/loss_model_cnn_100epochs_noaugmentXR_ELBOW.png
70,71.0,DenseNet_plus_1GlobalAveragePooling2D_1Dropout,densenet_no_augment_100epochs,XR_SHOULDER,NO,,0.001,,0.2,,20.0,27.0,236.0,100.0,32.0,52.75,49.24,52.44,46.4,70.52,70.52,72.89,75.56,notebooks/CNN_densenet_all_parts_100epochs_no_augment_RUN.ipynb,,models_logs/densenet_model_top_100epochs_noaugment_XR_SHOULDER.h5,history/history_densenet_model_top_model_100epochs_noaugment_XR_SHOULDER.json,plots/accuracy_densenet_model_top_100epochs_no_augment_XR_SHOULDER.png,plots/lossdensenet_model_top__100epochs_noaugment_XR_SHOULDER.png
71,72.0,DenseNet_plus_1GlobalAveragePooling2D_1Dropout,densenet_no_augment_100epochs,XR_FOREARM,NO,,0.001,,0.2,,20.0,6.0,52.0,100.0,30.0,49.83,38.37,50.0,31.13,73.09,73.09,81.56,81.82,notebooks/CNN_densenet_all_parts_100epochs_no_augment_RUN.ipynb,,models_logs/densenet_model_top_100epochs_noaugment_XR_FOREARM.h5,history/history_densenet_model_top_model_100epochs_noaugment_XR_FOREARM.json,plots/accuracy_densenet_model_top_100epochs_no_augment_XR_FOREARM.png,plots/lossdensenet_model_top__100epochs_noaugment_XR_FOREARM.png
72,73.0,DenseNet_plus_1GlobalAveragePooling2D_1Dropout,densenet_no_augment_100epochs,XR_HUMERUS,NO,,0.001,,0.2,,20.0,4.0,36.0,100.0,38.0,52.43,51.25,51.06,51.43,80.21,80.21,82.57,73.85,notebooks/CNN_densenet_all_parts_100epochs_no_augment_RUN.ipynb,,models_logs/densenet_model_top_100epochs_noaugment_XR_HUMERUS.h5,history/history_densenet_model_top_model_100epochs_noaugment_XR_HUMERUS.json,plots/accuracy_densenet_model_top_100epochs_no_augment_XR_HUMERUS.png,plots/lossdensenet_model_top__100epochs_noaugment_XR_HUMERUS.png
73,74.0,DenseNet_plus_1GlobalAveragePooling2D_1Dropout,densenet_no_augment_100epochs,XR_WRIST,NO,,0.001,,0.2,,20.0,32.0,274.0,100.0,45.0,53.26,42.11,47.26,37.97,78.15,78.15,80.61,80.67,notebooks/CNN_densenet_all_parts_100epochs_no_augment_RUN.ipynb,,models_logs/densenet_model_top_100epochs_noaugment_XR_WRIST.h5,history/history_densenet_model_top_model_100epochs_noaugment_XR_WRIST.json,plots/accuracy_densenet_model_top_100epochs_no_augment_XR_WRIST.png,plots/lossdensenet_model_top__100epochs_noaugment_XR_WRIST.png
74,75.0,DenseNet_plus_1GlobalAveragePooling2D_1Dropout,densenet_no_augment_100epochs,XR_HAND,NO,,0.001,,0.2,,20.0,17.0,157.0,100.0,13.0,55.65,2022-07-12 00:00:00,32.56,7.41,64.78,59.35,76.26,81.04,notebooks/CNN_densenet_all_parts_100epochs_no_augment_RUN.ipynb,,models_logs/densenet_model_top_100epochs_noaugment_XR_HAND.h5,history/history_densenet_model_top_model_100epochs_noaugment_XR_HAND.json,plots/accuracy_densenet_model_top_100epochs_no_augment_XR_HAND.png,plots/lossdensenet_model_top__100epochs_noaugment_XR_HAND.png
75,76.0,DenseNet_plus_1GlobalAveragePooling2D_1Dropout,densenet_no_augment_100epochs,XR_FINGER,NO,,0.001,,0.2,,20.0,17.0,144.0,100.0,32.0,47.72,40.2,51.92,32.79,68.98,61.20,77.1,73.45,notebooks/CNN_densenet_all_parts_100epochs_no_augment_RUN.ipynb,,models_logs/densenet_model_top_100epochs_noaugment_XR_FINGER.h5,history/history_densenet_model_top_model_100epochs_noaugment_XR_FINGER.json,plots/accuracy_densenet_model_top_100epochs_no_augment_XR_FINGER.png,plots/lossdensenet_model_top__100epochs_noaugment_XR_FINGER.png
76,77.0,DenseNet_plus_1GlobalAveragePooling2D_1Dropout,densenet_no_augment_100epochs,XR_ELBOW,NO,,0.001,,0.2,,20.0,16.0,139.0,100.0,15.0,50.97,38.71,50.7,2022-03-31 00:00:00,75.91,50.98,76.69,78.77,notebooks/CNN_densenet_all_parts_100epochs_no_augment_RUN.ipynb,,models_logs/densenet_model_top_100epochs_noaugment_XR_ELBOW.h5,history/history_densenet_model_top_model_100epochs_noaugment_XR_ELBOW.json,plots/accuracy_densenet_model_top_100epochs_no_augment_XR_ELBOW.png,plots/lossdensenet_model_top__100epochs_noaugment_XR_ELBOW.png
77,78.0,resnet_plus_1GlobalAveragePooling2D_1Dropout,resnet_no_augment_100epochs,XR_SHOULDER,NO,,0.001,,0.2,,20.0,26.0,237.0,100.0,81.0,47.42,42.86,46.25,39.93,58.44,68.64,59.03,59.39,notebooks/resnet_all_parts_100epochs_no_augment_RUN.ipynb,results note in nbk,models_logs/resnet_model_top_100epochs_noaugment_XR_SHOULDER.h5,history/history_resnet_model_top_model_100epochs_noaugment_XR_SHOULDER.json,plots/accuracy_resnet_model_top_100epochs_no_augment_XR_SHOULDER.png,plots/lossresnet_model_top__100epochs_noaugment_XR_SHOULDER.png
78,79.0,resnet_plus_1GlobalAveragePooling2D_1Dropout,resnet_no_augment_100epochs,XR_FOREARM,NO,,0.001,,0.2,,20.0,6.0,52.0,100.0,63.0,48.84,6.32,38.46,3.31,54.15,75.71,63.07,75.57,notebooks/resnet_all_parts_100epochs_no_augment_RUN.ipynb,results note in nbk,models_logs/resnet_model_top_100epochs_noaugment_XR_FOREARM.h5,history/history_resnet_model_top_model_100epochs_noaugment_XR_FOREARM.json,plots/accuracy_resnet_model_top_100epochs_no_augment_XR_FOREARM.png,plots/lossresnet_model_top__100epochs_noaugment_XR_FOREARM.png
79,80.0,resnet_plus_1GlobalAveragePooling2D_1Dropout,resnet_no_augment_100epochs,XR_HUMERUS,NO,,0.001,,0.2,,20.0,4.0,36.0,100.0,100.0,54.17,25.84,60.53,16.43,53.47,67.51,60.91,58.73,notebooks/resnet_all_parts_100epochs_no_augment_RUN.ipynb,results note in nbk,models_logs/resnet_model_top_100epochs_noaugment_XR_HUMERUS.h5,history/history_resnet_model_top_model_100epochs_noaugment_XR_HUMERUS.json,plots/accuracy_resnet_model_top_100epochs_no_augment_XR_HUMERUS.png,plots/lossresnet_model_top__100epochs_noaugment_XR_HUMERUS.png
80,81.0,resnet_plus_1GlobalAveragePooling2D_1Dropout,resnet_no_augment_100epochs,XR_WRIST,NO,,0.001,,0.2,,20.0,31.0,275.0,100.0,45.0,55.39,20.97,50.65,13.22,59.94,67.64,63.2,59.69,notebooks/resnet_all_parts_100epochs_no_augment_RUN.ipynb,,models_logs/resnet_model_top_100epochs_noaugment_XR_WRIST.h5,history/history_resnet_model_top_model_100epochs_noaugment_XR_WRIST.json,plots/accuracy_resnet_model_top_100epochs_no_augment_XR_WRIST.png,plots/lossresnet_model_top__100epochs_noaugment_XR_WRIST.png
81,82.0,resnet_plus_1GlobalAveragePooling2D_1Dropout,resnet_no_augment_100epochs,XR_HAND,NO,,0.001,,0.2,,20.0,18.0,156.0,100.0,28.0,58.91,0.0,0.0,0.0,58.91,67.66,73.31,72.46,notebooks/resnet_all_parts_100epochs_no_augment_RUN.ipynb,,models_logs/resnet_model_top_100epochs_noaugment_XR_HAND.h5,history/history_resnet_model_top_model_100epochs_noaugment_XR_HAND.json,plots/accuracy_resnet_model_top_100epochs_no_augment_XR_HAND.png,plots/lossresnet_model_top__100epochs_noaugment_XR_HAND.png
82,83.0,resnet_plus_1GlobalAveragePooling2D_1Dropout,resnet_no_augment_100epochs,XR_FINGER,NO,,0.001,,0.2,,20.0,16.0,144.0,100.0,100.0,50.54,40.0,57.14,30.77,65.29,63.28,69.37,66.8,notebooks/resnet_all_parts_100epochs_no_augment_RUN.ipynb,,models_logs/resnet_model_top_100epochs_noaugment_XR_FINGER.h5,history/history_resnet_model_top_model_100epochs_noaugment_XR_FINGER.json,plots/accuracy_resnet_model_top_100epochs_no_augment_XR_FINGER.png,plots/lossresnet_model_top__100epochs_noaugment_XR_FINGER.png
83,84.0,resnet_plus_1GlobalAveragePooling2D_1Dropout,resnet_no_augment_100epochs,XR_ELBOW,NO,,0.001,,0.2,,20.0,16.0,139.0,100.0,75.0,50.11,4.92,42.86,2.67,53.55,68.22,59.84,63.75,notebooks/resnet_all_parts_100epochs_no_augment_RUN.ipynb,,models_logs/resnet_model_top_100epochs_noaugment_XR_ELBOW.h5,history/history_resnet_model_top_model_100epochs_noaugment_XR_ELBOW.json,plots/accuracy_resnet_model_top_100epochs_no_augment_XR_ELBOW.png,plots/lossresnet_model_top__100epochs_noaugment_XR_ELBOW.png
84,85.0,Xception_plus_1GlobalAveragePooling2D_1Dropout,xception_all_parts_no_augment_50epochs,all_parts,NO,,0.001,,0.2,1.0,8.0,29.0,130.0,50.0,19.0,,,,,64.84,9.698,69.71,68.95,notebooks/all_data_one_model_xception_no_augment_fixed_softmax.ipynb,,models_logs/xception_14classes_top_50epochs_deep_augment.h5,history/history_xception_14classes_top_50epochs_deep_augment.json,plots/accuracy_xception_14classes_model_top_50epochs_deep_augment_.png,plots/lossxception_14classes_model_top_50epochs_deep_augment_.png
85,86.0,Xception_plus_1GlobalAveragePooling2D_1Dropout,xception_all_parts_deep_augment_50epochs,all_parts,YES,deep_augment,0.001,,0.2,1.0,8.0,30.0,130.0,50.0,29.0,,,,,62.06,1.0152,68.67,67.41,notebooks/all_data_one_model_xception_deep_augment_fixed_softmax.ipynb,,models_logs/xception_14classes_top_50epochs_deep_augment.h5,history/history_xception_14classes_top_50epochs_deep_augment.json,plots/accuracy_xception_14classes_model_top_50epochs_deep_augment_.png,plots/lossxception_14classes_model_top_50epochs_deep_augment_.png
86,87.0,DenseNet_plus_1GlobalAveragePooling2D_1Dropout,densenet_all_parts_deep_augment_50epochs,all_parts,YES,deep_augment,0.001,,0.2,1.0,8.0,15.0,65.0,50.0,24.0,,,,,60.9,1.0315,64.73,65.4,notebooks/all data_one model_dense_deep_augment_fixed_softmax.ipynb,,models_logs/densenet_14classes_top_50epochs_deep_augment_fixed_softmax.h5,history/history_densenet_14classes_top_50epochs_deep_augment_fixed_softmax,plots/accuracy_densenet_14classes_model_top_fixed_softmax_50epochs_deep_augment_.png,plots/lossdensenet_14classes_model_top_fixed_softmax_50epochs_deep_augment_.png
87,88.0,DenseNet_plus_1GlobalAveragePooling2D_1Dropout,densenet_all_parts_no_augment_50epochs,all_parts,NO,,0.001,,0.2,1.0,8.0,,,50.0,,,,,,65.71,87.44,70.56,69.33,notebooks/all_data_one_model_dense_no_augment_fixed_softmax.ipynb,,models_logs/densenet_14classes_top_50epochs_no_augment_.h5,history/history_densenet_14classes_top_50epochs_no_augment.json,plots/accuracy_densenet_14classes_model_top_50epochs_noaugment_.png,plots/lossdensenet_14classes_model_top_50epochs_noaugment_.png
88,89.0,base cnn,base_model_all_parts_no_augment_50epochs,all_parts,NO,,0.001,4.0,0.2,1.0,8.0,20.0,87.0,50.0,12.0,,,,,50.3,1.56,85.81,56.79,notebooks/all data_one model_no_augment.ipynb,,models_logs/base_model_14classes_noaugmentation_50epochs.h5,history/history_14classes_noaugmentation_50epochs.json,plots/accuracy_base_model_14classes_model_top_50epochs_noaugment_.png,plots/lossbase_model_14classes_model_top_50epochs_noaugment_.png
89,90.0,base cnn,base_model_all_parts_deep_augment_50epochs,all_parts,YES,deep_augment,0.001,4.0,0.2,1.0,8.0,114.0,1037.0,50.0,34.0,,,,,57.12,99.94,64.1,60.8,notebooks/all data_one model_deep_augment.ipynb,,models_logs/base_model_14classes_deep_augmentation_50epochs.h5,history/nan,plots/accuracy_base_model_14classes_model_top_50epochs_deep_augmentation_.png,plots/lossbase_model_14classes_model_top_50epochs_deep_augmentation_.png
90,91.0,inception_plus_1GlobalAveragePooling2D_1Dropout,inception_deep_augment_70epochs,XR_SHOULDER,YES,deep_augment,0.001,,,,20.0,26.0,237.0,70.0,28.0,56.13,51.09,56.83,46.4,72.11,54.55,72.08,71.05,notebooks/CNN_inception_deep_augment_70_epochs_RUN.ipynb,,models_logs/inception_model_top_70epochs_deep_augment_XR_SHOULDER.h5,history/history_inception_model_top_model_70epochs_deep_augment_XR_SHOULDER.json,plots/accuracy_inception_model_top_70epochs_deep_augment_XR_SHOULDER.png,plots/lossinception_model_top_70epochs_deep_augment_XR_SHOULDER.png
91,92.0,inception_plus_1GlobalAveragePooling2D_1Dropout,inception_deep_augment_70epochs,XR_FOREARM,YES,deep_augment,0.001,,,,20.0,6.0,52.0,70.0,70.0,49.83,43.02,50.0,37.75,79.07,45.90,84.63,82.12,notebooks/CNN_inception_deep_augment_70_epochs_RUN.ipynb,,models_logs/inception_model_top_70epochs_deep_augment_XR_FOREARM.h5,history/history_inception_model_top_model_70epochs_deep_augment_XR_FOREARM.json,plots/accuracy_inception_model_top_70epochs_deep_augment_XR_FOREARM.png,plots/lossinception_model_top_70epochs_deep_augment_XR_FOREARM.png
92,93.0,inception_plus_1GlobalAveragePooling2D_1Dropout,inception_deep_augment_70epochs,XR_HUMERUS,YES,deep_augment,0.001,,,,20.0,4.0,36.0,70.0,52.0,52.88,48.12,50.79,45.71,82.64,41.91,80.3,79.2,notebooks/CNN_inception_deep_augment_70_epochs_RUN.ipynb,,models_logs/inception_model_top_70epochs_deep_augment_XR_HUMERUS.h5,history/history_inception_model_top_model_70epochs_deep_augment_XR_HUMERUS.json,plots/accuracy_inception_model_top_70epochs_deep_augment_XR_HUMERUS.png,plots/lossinception_model_top_70epochs_deep_augment_XR_HUMERUS.png
93,94.0,inception_plus_1GlobalAveragePooling2D_1Dropout,inception_deep_augment_70epochs,XR_WRIST,YES,deep_augment,0.001,,,,20.0,31.0,275.0,70.0,64.0,52.96,41.06,46.75,36.61,77.24,47.70,79.01,80.15,notebooks/CNN_inception_deep_augment_70_epochs_RUN.ipynb,,models_logs/inception_model_top_70epochs_deep_augment_XR_WRIST.h5,history/history_inception_model_top_model_70epochs_deep_augment_XR_WRIST.json,plots/accuracy_inception_model_top_70epochs_deep_augment_XR_WRIST.png,plots/lossinception_model_top_70epochs_deep_augment_XR_WRIST.png
94,95.0,inception_plus_1GlobalAveragePooling2D_1Dropout,inception_deep_augment_70epochs,XR_HAND,YES,deep_augment,0.001,,,,20.0,17.0,157.0,70.0,63.0,52.39,19.78,332.14,14.29,68.04,58.00,78.07,79.81,notebooks/CNN_inception_deep_augment_70_epochs_RUN.ipynb,,models_logs/inception_model_top_70epochs_deep_augment_XR_HAND.h5,history/history_inception_model_top_model_70epochs_deep_augment_XR_HAND.json,plots/accuracy_inception_model_top_70epochs_deep_augment_XR_HAND.png,plots/lossinception_model_top_70epochs_deep_augment_XR_HAND.png
95,96.0,inception_plus_1GlobalAveragePooling2D_1Dropout,inception_deep_augment_70epochs,XR_FINGER,YES,deep_augment,0.001,,,,20.0,16.0,144.0,70.0,36.0,47.29,37.85,51.39,29.96,68.55,60.08,73.93,76.09,notebooks/CNN_inception_deep_augment_70_epochs_RUN.ipynb,,models_logs/inception_model_top_70epochs_deep_augment_XR_FINGER.h5,history/history_inception_model_top_model_70epochs_deep_augment_XR_FINGER.json,plots/accuracy_inception_model_top_70epochs_deep_augment_XR_FINGER.png,plots/lossinception_model_top_70epochs_deep_augment_XR_FINGER.png
96,97.0,inception_plus_1GlobalAveragePooling2D_1Dropout,inception_deep_augment_70epochs,XR_ELBOW,YES,deep_augment,0.001,,,,20.0,16.0,139.0,70.0,38.0,51.4,40.21,51.35,33.04,74.62,51.18,77.59,77.2,notebooks/CNN_inception_deep_augment_70_epochs_RUN.ipynb,,models_logs/inception_model_top_70epochs_deep_augment_XR_ELBOW.h5,history/history_inception_model_top_model_70epochs_deep_augment_XR_ELBOW.json,plots/accuracy_inception_model_top_70epochs_deep_augment_XR_ELBOW.png,plots/lossinception_model_top_70epochs_deep_augment_XR_ELBOW.png
97,98.0,DenseNet_plus_1GlobalAveragePooling2D_1Dropout,densenet_deep_augment_70epochs,XR_SHOULDER,YES,deep_augment,0.001,,,,20.0,27.0,236.0,70.0,37.0,,,,,71.4,56.70,70.35,71.02,notebooks/CNN_densenet_deep_augment_70_epochs_RUN.ipynb,,models_logs/densenet_model_top_70epochs_deep_augment_XR_SHOULDER.h5,history/history_densenet_model_top_model_70epochs_deep_augment_XR_SHOULDER.json,plots/accuracy_densenet_model_top_70epochs_deep_augmentXR_SHOULDER.png,plots/lossdensenet_model_top_70epochs_deep_augment_XR_SHOULDER.png
98,99.0,DenseNet_plus_1GlobalAveragePooling2D_1Dropout,densenet_deep_augment_70epochs,XR_FOREARM,YES,deep_augment,0.001,,,,20.0,6.0,52.0,70.0,42.0,,,,,73.09,51.05,81.09,84.44,notebooks/CNN_densenet_deep_augment_70_epochs_RUN.ipynb,,models_logs/densenet_model_top_70epochs_deep_augment_XR_FOREARM.h5,history/history_densenet_model_top_model_70epochs_deep_augment_XR_FOREARM.json,plots/accuracy_densenet_model_top_70epochs_deep_augmentXR_FOREARM.png,plots/lossdensenet_model_top_70epochs_deep_augment_XR_FOREARM.png
99,100.0,DenseNet_plus_1GlobalAveragePooling2D_1Dropout,densenet_deep_augment_70epochs,XR_HUMERUS,YES,deep_augment,0.001,,,,20.0,4.0,36.0,70.0,32.0,,,,,83.33,45.27,78.12,67.2,notebooks/CNN_densenet_deep_augment_70_epochs_RUN.ipynb,,models_logs/densenet_model_top_70epochs_deep_augment_XR_HUMERUS.h5,history/history_densenet_model_top_model_70epochs_deep_augment_XR_HUMERUS.json,plots/accuracy_densenet_model_top_70epochs_deep_augmentXR_HUMERUS.png,plots/lossdensenet_model_top_70epochs_deep_augment_XR_HUMERUS.png
100,101.0,DenseNet_plus_1GlobalAveragePooling2D_1Dropout,densenet_deep_augment_70epochs,XR_WRIST,YES,deep_augment,0.001,,,,20.0,31.0,275.0,70.0,39.0,,,,,74.36,51.15,76.83,76.48,notebooks/CNN_densenet_deep_augment_70_epochs_RUN.ipynb,,models_logs/densenet_model_top_70epochs_deep_augment_XR_WRIST.h5,history/history_densenet_model_top_model_70epochs_deep_augment_XR_WRIST.json,plots/accuracy_densenet_model_top_70epochs_deep_augmentXR_WRIST.png,plots/lossdensenet_model_top_70epochs_deep_augment_XR_WRIST.png
101,102.0,DenseNet_plus_1GlobalAveragePooling2D_1Dropout,densenet_deep_augment_70epochs,XR_HAND,YES,deep_augment,0.001,,,,20.0,18.0,156.0,70.0,39.0,,,,,64.78,61.05,77.36,75.57,notebooks/CNN_densenet_deep_augment_70_epochs_RUN.ipynb,,models_logs/densenet_model_top_70epochs_deep_augment_XR_HAND.h5,history/history_densenet_model_top_model_70epochs_deep_augment_XR_HAND.json,plots/accuracy_densenet_model_top_70epochs_deep_augmentXR_HAND.png,plots/lossdensenet_model_top_70epochs_deep_augment_XR_HAND.png
102,103.0,DenseNet_plus_1GlobalAveragePooling2D_1Dropout,densenet_deep_augment_70epochs,XR_FINGER,YES,deep_augment,0.001,,,,20.0,16.0,144.0,70.0,23.0,,,,,68.76,59.18,70.57,70.51,notebooks/CNN_densenet_deep_augment_70_epochs_RUN.ipynb,,models_logs/densenet_model_top_70epochs_deep_augment_XR_FINGER.h5,history/history_densenet_model_top_model_70epochs_deep_augment_XR_FINGER.json,plots/accuracy_densenet_model_top_70epochs_deep_augmentXR_FINGER.png,plots/lossdensenet_model_top_70epochs_deep_augment_XR_FINGER.png
103,104.0,DenseNet_plus_1GlobalAveragePooling2D_1Dropout,densenet_deep_augment_70epochs,XR_ELBOW,YES,deep_augment,0.001,,,,20.0,16.0,139.0,70.0,40.0,,,,,77.85,49.55,76.76,77.8,notebooks/CNN_densenet_deep_augment_70_epochs_RUN.ipynb,,models_logs/densenet_model_top_70epochs_deep_augment_XR_ELBOW.h5,history/history_densenet_model_top_model_70epochs_deep_augment_XR_ELBOW.json,plots/accuracy_densenet_model_top_70epochs_deep_augmentXR_ELBOW.png,plots/lossdensenet_model_top_70epochs_deep_augment_XR_ELBOW.png
104,105.0,resnet_plus_1GlobalAveragePooling2D_1Dropout,resnet_deep_augment_70epochs,XR_SHOULDER,YES,deep_augment,0.001,,,,20.0,27.0,236.0,70.0,42.0,,,,,54.88,69.94,54.56,51.5,notebooks/CNN_resnet_deep_augment_70_epochs_RUN.ipynb,,models_logs/resnet_model_top_70epochs_deep_augment_XR_SHOULDER.h5,history/history_resnet_model_top_model_70epochs_deep_augment_XR_SHOULDER.json,plots/accuracy_resnet_model_top_70epochs_deep_augment_XR_SHOULDER.png,plots/lossresnet_model_top_70epochs_deep_augment_XR_SHOULDER.png
105,106.0,resnet_plus_1GlobalAveragePooling2D_1Dropout,resnet_deep_augment_70epochs,XR_FOREARM,YES,deep_augment,0.001,,,,20.0,6.0,52.0,70.0,21.0,,,,,53.49,73.07,64.1,65.34,notebooks/CNN_resnet_deep_augment_70_epochs_RUN.ipynb,,models_logs/resnet_model_top_70epochs_deep_augment_XR_FOREARM.h5,history/history_resnet_model_top_model_70epochs_deep_augment_XR_FOREARM.json,plots/accuracy_resnet_model_top_70epochs_deep_augment_XR_FOREARM.png,plots/lossresnet_model_top_70epochs_deep_augment_XR_FOREARM.png
106,107.0,resnet_plus_1GlobalAveragePooling2D_1Dropout,resnet_deep_augment_70epochs,XR_HUMERUS,YES,deep_augment,0.001,,,,20.0,4.0,37.0,70.0,36.0,,,,,53.47,71.56,55.54,49.14,notebooks/CNN_resnet_deep_augment_70_epochs_RUN.ipynb,,models_logs/resnet_model_top_70epochs_deep_augment_XR_HUMERUS.h5,history/history_resnet_model_top_model_70epochs_deep_augment_XR_HUMERUS.json,plots/accuracy_resnet_model_top_70epochs_deep_augment_XR_HUMERUS.png,plots/lossresnet_model_top_70epochs_deep_augment_XR_HUMERUS.png
107,108.0,resnet_plus_1GlobalAveragePooling2D_1Dropout,resnet_deep_augment_70epochs,XR_WRIST,YES,deep_augment,0.001,,,,20.0,30.0,275.0,70.0,,,,,,60.39,65.75,62.63,65.9,notebooks/CNN_resnet_deep_augment_70_epochs_RUN.ipynb,,models_logs/resnet_model_top_70epochs_deep_augment_XR_WRIST.h5,history/history_resnet_model_top_model_70epochs_deep_augment_XR_WRIST.json,plots/accuracy_resnet_model_top_70epochs_deep_augment_XR_WRIST.png,plots/lossresnet_model_top_70epochs_deep_augment_XR_WRIST.png
108,109.0,resnet_plus_1GlobalAveragePooling2D_1Dropout,resnet_deep_augment_70epochs,XR_HAND,YES,deep_augment,0.001,,,,20.0,17.0,157.0,70.0,21.0,,,,,58.91,73.14,72.95,75.51,notebooks/CNN_resnet_deep_augment_70_epochs_RUN.ipynb,,models_logs/resnet_model_top_70epochs_deep_augment_XR_HAND.h5,history/history_resnet_model_top_model_70epochs_deep_augment_XR_HAND.json,plots/accuracy_resnet_model_top_70epochs_deep_augment_XR_HAND.png,plots/lossresnet_model_top_70epochs_deep_augment_XR_HAND.png
109,110.0,resnet_plus_1GlobalAveragePooling2D_1Dropout,resnet_deep_augment_70epochs,XR_FINGER,YES,deep_augment,0.001,,,,20.0,16.0,145.0,70.0,29.0,,,,,48.37,76.32,62.06,63.95,notebooks/CNN_resnet_deep_augment_70_epochs_RUN.ipynb,,models_logs/resnet_model_top_70epochs_deep_augment_XR_FINGER.h5,history/history_resnet_model_top_model_70epochs_deep_augment_XR_FINGER.json,plots/accuracy_resnet_model_top_70epochs_deep_augment_XR_FINGER.png,plots/lossresnet_model_top_70epochs_deep_augment_XR_FINGER.png
110,111.0,resnet_plus_1GlobalAveragePooling2D_1Dropout,resnet_deep_augment_70epochs,XR_ELBOW,YES,deep_augment,0.001,,,,20.0,16.0,139.0,70.0,22.0,,,,,54.19,68.08,59.86,59.92,notebooks/CNN_resnet_deep_augment_70_epochs_RUN.ipynb,,models_logs/resnet_model_top_70epochs_deep_augment_XR_ELBOW.h5,history/history_resnet_model_top_model_70epochs_deep_augment_XR_ELBOW.json,plots/accuracy_resnet_model_top_70epochs_deep_augment_XR_ELBOW.png,plots/lossresnet_model_top_70epochs_deep_augment_XR_ELBOW.png
111,113.0,resnet_plus_1GlobalAveragePooling2D_1Dropout,resnet_all_parts_deep_augment_50epochs,all_parts,YES,deep_augment,0.001,,,,,,,50.0,,,,,,15.17,2.58,19.35,19.33,notebooks/all_data_one_model_resnet_deep_augment_fixed_softmax.ipynb,,models_logs/resnet_14classes_top_50epochs_deep_augment_fixed_softmax.h5,history/history_resnet_14classes_top_50epochs_deep_augment_fixed_softmax.json,plots/accuracy_resnet_14classes_model_top_fixed_softmax_50epochs_deep_augment_.png,plots/lossresnet_14classes_model_top_fixed_softmax_50epochs_deep_augment_.png
112,114.0,all data_one model_resnet_no_augment_fixed_softmax,resnet_all_parts_no_augment_50epochs,all_parts,NO,all data_one model_resnet_no_augment_fixed_softmax,0.001,,,,,,,50.0,,,,,,20.61,2.48,28.13,27.41,notebooks/all data_one model_resnet_no_augment_fixed_softmax.ipynb,,models_logs/resnet_14classes_top_50epochs_noaugment_fixed_softmax.h5,history/history_resnet_14classes_top_50epochs_noaugment_fixed_softmax.json,plots/accuracy_resnet_14classes_model_top_fixed_softmax_50epochs_noaugment_.png,plots/lossresnet_14classes_model_top_fixed_softmax_50epochs_noaugment_.png
